image_path,speed_kmh,acceleration_ms2,vibration_hz,temperature_c,hazard
synthetic_data/images/normal_1.png,42.61,0.07,7.0,27.41,normal
synthetic_data/images/normal_2.png,60.83,-1.56,9.82,29.5,normal
synthetic_data/images/normal_3.png,69.57,0.33,13.59,31.72,normal
synthetic_data/images/normal_4.png,66.52,-0.2,5.26,34.07,normal
synthetic_data/images/normal_5.png,70.35,0.66,14.73,25.16,normal
synthetic_data/images/normal_6.png,49.93,0.06,11.46,23.9,normal
synthetic_data/images/normal_7.png,57.14,0.07,5.36,33.67,normal
synthetic_data/images/normal_8.png,79.3,0.11,14.95,30.4,normal
synthetic_data/images/normal_9.png,66.13,-0.4,8.23,26.58,normal
synthetic_data/images/normal_10.png,45.09,0.73,12.36,16.69,normal
synthetic_data/images/normal_11.png,56.34,0.44,7.88,27.65,normal
synthetic_data/images/normal_12.png,68.15,0.23,13.32,28.44,normal
synthetic_data/images/normal_13.png,45.85,0.13,13.74,21.49,normal
synthetic_data/images/normal_14.png,44.25,-0.17,6.13,27.74,normal
synthetic_data/images/normal_15.png,52.56,0.13,14.14,20.17,normal
synthetic_data/images/normal_16.png,46.54,0.9,12.13,22.81,normal
synthetic_data/images/normal_17.png,44.33,0.01,12.14,18.09,normal
synthetic_data/images/normal_18.png,52.83,0.97,13.08,16.5,normal
synthetic_data/images/normal_19.png,79.27,-0.5,13.92,20.68,normal
synthetic_data/images/normal_20.png,52.44,-0.14,5.64,17.66,normal
synthetic_data/images/normal_21.png,59.2,0.52,5.32,24.2,normal
synthetic_data/images/normal_22.png,62.3,-0.46,7.43,16.73,normal
synthetic_data/images/normal_23.png,50.14,0.91,14.32,28.89,normal
synthetic_data/images/normal_24.png,68.47,0.4,5.99,21.32,normal
synthetic_data/images/normal_25.png,69.16,0.52,11.08,18.48,normal
synthetic_data/images/normal_26.png,65.82,0.83,9.23,23.72,normal
synthetic_data/images/normal_27.png,47.65,-0.15,10.06,34.07,normal
synthetic_data/images/normal_28.png,55.0,-0.02,8.09,28.8,normal
synthetic_data/images/normal_29.png,50.99,0.15,5.29,23.82,normal
synthetic_data/images/normal_30.png,43.95,0.09,7.15,24.48,normal
synthetic_data/images/normal_31.png,74.42,-0.52,10.09,33.02,normal
synthetic_data/images/normal_32.png,43.27,-0.01,12.23,17.87,normal
synthetic_data/images/normal_33.png,60.17,0.66,8.42,21.1,normal
synthetic_data/images/normal_34.png,77.06,0.43,8.99,22.04,normal
synthetic_data/images/normal_35.png,62.01,0.28,12.16,27.82,normal
synthetic_data/images/normal_36.png,61.11,0.66,6.02,24.27,normal
synthetic_data/images/normal_37.png,67.68,-0.01,8.89,33.19,normal
synthetic_data/images/normal_38.png,50.9,0.36,12.35,18.81,normal
synthetic_data/images/normal_39.png,48.03,-0.0,14.45,32.46,normal
synthetic_data/images/normal_40.png,71.46,-0.45,7.36,24.78,normal
synthetic_data/images/normal_41.png,55.11,0.53,10.58,27.75,normal
synthetic_data/images/normal_42.png,70.51,-0.07,11.0,23.0,normal
synthetic_data/images/normal_43.png,76.94,-0.45,9.97,21.11,normal
synthetic_data/images/normal_44.png,55.85,0.76,8.21,34.89,normal
synthetic_data/images/normal_45.png,44.03,0.63,9.27,29.16,normal
synthetic_data/images/normal_46.png,59.73,-0.07,11.49,27.3,normal
synthetic_data/images/normal_47.png,44.29,-0.1,13.31,18.25,normal
synthetic_data/images/normal_48.png,71.4,-0.45,10.54,29.2,normal
synthetic_data/images/normal_49.png,59.33,-0.88,6.99,26.82,normal
synthetic_data/images/normal_50.png,51.45,0.34,9.59,29.61,normal
synthetic_data/images/normal_51.png,40.93,-0.21,10.22,27.26,normal
synthetic_data/images/normal_52.png,69.81,-0.81,5.33,31.88,normal
synthetic_data/images/normal_53.png,76.17,0.97,7.4,25.68,normal
synthetic_data/images/normal_54.png,48.54,0.36,9.1,20.55,normal
synthetic_data/images/normal_55.png,50.9,-0.45,14.66,29.79,normal
synthetic_data/images/normal_56.png,51.97,-0.87,14.09,25.42,normal
synthetic_data/images/normal_57.png,68.1,0.69,10.46,31.94,normal
synthetic_data/images/normal_58.png,62.81,-0.04,9.47,24.16,normal
synthetic_data/images/normal_59.png,45.89,0.79,5.97,20.02,normal
synthetic_data/images/normal_60.png,64.35,-0.18,10.34,25.39,normal
synthetic_data/images/normal_61.png,48.65,-0.46,7.43,32.08,normal
synthetic_data/images/normal_62.png,64.81,-0.13,9.1,17.14,normal
synthetic_data/images/normal_63.png,45.16,0.85,12.91,23.41,normal
synthetic_data/images/normal_64.png,71.77,0.26,12.28,18.48,normal
synthetic_data/images/normal_65.png,70.17,0.69,5.8,15.6,normal
synthetic_data/images/normal_66.png,55.41,-0.06,7.07,30.39,normal
synthetic_data/images/normal_67.png,48.69,-0.19,6.04,34.45,normal
synthetic_data/images/normal_68.png,65.94,0.07,5.68,19.18,normal
synthetic_data/images/normal_69.png,75.94,-0.31,9.94,30.7,normal
synthetic_data/images/normal_70.png,50.48,-0.14,14.6,17.59,normal
synthetic_data/images/normal_71.png,73.03,-0.7,5.38,34.7,normal
synthetic_data/images/normal_72.png,48.03,0.39,7.71,18.5,normal
synthetic_data/images/normal_73.png,49.43,0.03,9.29,32.67,normal
synthetic_data/images/normal_74.png,65.27,-0.08,13.46,19.49,normal
synthetic_data/images/normal_75.png,58.9,-0.01,9.89,27.23,normal
synthetic_data/images/normal_76.png,76.31,-0.5,9.31,31.78,normal
synthetic_data/images/normal_77.png,66.96,0.9,9.1,29.35,normal
synthetic_data/images/normal_78.png,71.26,-0.54,6.18,30.48,normal
synthetic_data/images/normal_79.png,63.67,0.41,13.69,28.61,normal
synthetic_data/images/normal_80.png,73.57,0.46,9.86,28.72,normal
synthetic_data/images/normal_81.png,61.81,0.51,8.31,20.38,normal
synthetic_data/images/normal_82.png,50.73,0.33,6.36,15.21,normal
synthetic_data/images/normal_83.png,53.3,0.55,12.35,33.02,normal
synthetic_data/images/normal_84.png,59.5,-1.16,11.41,30.42,normal
synthetic_data/images/normal_85.png,61.19,0.53,5.54,31.01,normal
synthetic_data/images/normal_86.png,70.66,0.09,12.07,23.31,normal
synthetic_data/images/normal_87.png,69.91,-0.03,12.98,33.26,normal
synthetic_data/images/normal_88.png,42.96,0.13,12.48,22.46,normal
synthetic_data/images/normal_89.png,44.27,-0.04,9.38,19.49,normal
synthetic_data/images/normal_90.png,64.72,-0.64,6.43,29.42,normal
synthetic_data/images/normal_91.png,50.77,-0.45,10.22,19.64,normal
synthetic_data/images/normal_92.png,58.48,0.04,7.83,20.44,normal
synthetic_data/images/normal_93.png,71.83,0.5,5.31,27.45,normal
synthetic_data/images/normal_94.png,64.24,-0.09,12.8,18.59,normal
synthetic_data/images/normal_95.png,61.48,-0.28,14.95,33.38,normal
synthetic_data/images/normal_96.png,45.9,0.05,7.17,22.54,normal
synthetic_data/images/normal_97.png,42.89,-0.1,9.04,15.84,normal
synthetic_data/images/normal_98.png,44.35,0.3,6.65,34.1,normal
synthetic_data/images/normal_99.png,41.51,0.0,8.35,15.7,normal
synthetic_data/images/normal_100.png,45.28,0.72,6.2,33.14,normal
synthetic_data/images/pothole_1.png,38.77,-1.99,53.38,22.0,pothole
synthetic_data/images/pothole_2.png,27.49,-2.83,67.29,32.96,pothole
synthetic_data/images/pothole_3.png,25.17,-1.34,86.95,23.26,pothole
synthetic_data/images/pothole_4.png,36.47,0.53,50.03,15.25,pothole
synthetic_data/images/pothole_5.png,32.95,-1.09,92.69,27.87,pothole
synthetic_data/images/pothole_6.png,38.87,-1.46,87.42,15.6,pothole
synthetic_data/images/pothole_7.png,48.2,-2.04,95.13,19.44,pothole
synthetic_data/images/pothole_8.png,33.06,-1.89,86.11,19.56,pothole
synthetic_data/images/pothole_9.png,45.58,-3.07,84.28,19.62,pothole
synthetic_data/images/pothole_10.png,36.47,-2.47,96.35,16.4,pothole
synthetic_data/images/pothole_11.png,31.04,-0.72,59.13,16.03,pothole
synthetic_data/images/pothole_12.png,32.69,-1.12,72.11,32.17,pothole
synthetic_data/images/pothole_13.png,48.01,-0.07,66.68,33.55,pothole
synthetic_data/images/pothole_14.png,22.13,-2.57,98.81,28.53,pothole
synthetic_data/images/pothole_15.png,25.2,-0.76,71.2,23.19,pothole
synthetic_data/images/pothole_16.png,31.71,-2.09,61.46,17.47,pothole
synthetic_data/images/pothole_17.png,34.51,-2.69,91.98,24.18,pothole
synthetic_data/images/pothole_18.png,43.56,-3.11,87.74,28.74,pothole
synthetic_data/images/pothole_19.png,49.74,-2.13,75.49,23.15,pothole
synthetic_data/images/pothole_20.png,36.44,-2.76,56.74,32.91,pothole
synthetic_data/images/pothole_21.png,20.2,-2.63,53.61,28.69,pothole
synthetic_data/images/pothole_22.png,21.08,-1.2,53.77,20.47,pothole
synthetic_data/images/pothole_23.png,29.35,-1.87,98.83,23.83,pothole
synthetic_data/images/pothole_24.png,21.51,-1.24,75.95,15.84,pothole
synthetic_data/images/pothole_25.png,24.38,-3.24,74.36,21.84,pothole
synthetic_data/images/pothole_26.png,48.54,-1.53,93.01,31.76,pothole
synthetic_data/images/pothole_27.png,30.14,-0.8,64.2,29.79,pothole
synthetic_data/images/pothole_28.png,26.39,-2.24,78.15,16.02,pothole
synthetic_data/images/pothole_29.png,27.53,-1.86,75.67,25.27,pothole
synthetic_data/images/pothole_30.png,32.46,-2.05,62.78,24.44,pothole
synthetic_data/images/pothole_31.png,30.81,-1.96,92.9,22.89,pothole
synthetic_data/images/pothole_32.png,38.82,-1.37,70.18,26.81,pothole
synthetic_data/images/pothole_33.png,39.9,-3.4,77.92,25.95,pothole
synthetic_data/images/pothole_34.png,49.66,-3.27,88.89,17.78,pothole
synthetic_data/images/pothole_35.png,29.64,-1.67,57.03,16.36,pothole
synthetic_data/images/pothole_36.png,21.51,-3.23,75.31,33.94,pothole
synthetic_data/images/pothole_37.png,26.44,-1.65,74.78,16.17,pothole
synthetic_data/images/pothole_38.png,35.03,-2.63,60.49,29.44,pothole
synthetic_data/images/pothole_39.png,25.29,-1.5,55.71,18.44,pothole
synthetic_data/images/pothole_40.png,26.99,-2.61,90.92,21.29,pothole
synthetic_data/images/pothole_41.png,37.59,-2.89,98.17,17.64,pothole
synthetic_data/images/pothole_42.png,42.37,-4.11,79.39,23.93,pothole
synthetic_data/images/pothole_43.png,31.57,-2.39,75.28,31.66,pothole
synthetic_data/images/pothole_44.png,27.9,-1.82,74.12,25.53,pothole
synthetic_data/images/pothole_45.png,21.17,-3.26,69.34,31.33,pothole
synthetic_data/images/pothole_46.png,35.04,-0.5,71.49,22.29,pothole
synthetic_data/images/pothole_47.png,21.96,-1.07,80.32,23.91,pothole
synthetic_data/images/pothole_48.png,25.47,0.16,65.17,17.6,pothole
synthetic_data/images/pothole_49.png,37.02,-1.25,71.44,29.58,pothole
synthetic_data/images/pothole_50.png,26.66,-2.03,91.09,22.12,pothole
synthetic_data/images/pothole_51.png,20.86,-2.6,86.57,24.05,pothole
synthetic_data/images/pothole_52.png,32.59,-1.95,57.32,29.72,pothole
synthetic_data/images/pothole_53.png,47.43,-1.25,78.97,32.1,pothole
synthetic_data/images/pothole_54.png,28.32,-2.0,82.87,33.8,pothole
synthetic_data/images/pothole_55.png,43.65,-2.77,71.17,23.51,pothole
synthetic_data/images/pothole_56.png,31.52,-1.99,78.77,18.07,pothole
synthetic_data/images/pothole_57.png,23.16,-1.31,57.95,29.19,pothole
synthetic_data/images/pothole_58.png,44.22,-0.93,81.7,17.74,pothole
synthetic_data/images/pothole_59.png,42.53,-3.17,72.09,27.62,pothole
synthetic_data/images/pothole_60.png,34.84,-0.15,91.66,25.33,pothole
synthetic_data/images/pothole_61.png,32.23,-1.7,56.9,20.58,pothole
synthetic_data/images/pothole_62.png,29.13,-1.05,81.41,32.5,pothole
synthetic_data/images/pothole_63.png,29.82,-1.31,61.12,22.81,pothole
synthetic_data/images/pothole_64.png,44.96,-2.9,59.37,34.41,pothole
synthetic_data/images/pothole_65.png,34.26,-0.87,95.51,19.59,pothole
synthetic_data/images/pothole_66.png,31.77,-0.23,76.62,17.26,pothole
synthetic_data/images/pothole_67.png,49.19,-1.54,54.73,29.85,pothole
synthetic_data/images/pothole_68.png,32.71,-0.62,88.88,16.08,pothole
synthetic_data/images/pothole_69.png,47.61,-2.37,68.44,19.44,pothole
synthetic_data/images/pothole_70.png,38.6,-1.92,72.66,24.14,pothole
synthetic_data/images/pothole_71.png,44.13,-1.94,53.81,30.4,pothole
synthetic_data/images/pothole_72.png,22.55,-3.33,74.89,33.36,pothole
synthetic_data/images/pothole_73.png,24.28,-2.31,92.43,27.12,pothole
synthetic_data/images/pothole_74.png,29.47,-2.08,98.24,27.94,pothole
synthetic_data/images/pothole_75.png,26.12,-3.29,62.44,19.43,pothole
synthetic_data/images/pothole_76.png,49.0,0.22,92.89,15.77,pothole
synthetic_data/images/pothole_77.png,23.04,-1.85,59.27,30.53,pothole
synthetic_data/images/pothole_78.png,23.61,-3.42,94.19,26.09,pothole
synthetic_data/images/pothole_79.png,45.75,-2.39,77.37,26.35,pothole
synthetic_data/images/pothole_80.png,29.1,-0.45,55.15,18.42,pothole
synthetic_data/images/pothole_81.png,49.82,-3.21,73.72,30.79,pothole
synthetic_data/images/pothole_82.png,28.43,-1.06,73.32,24.88,pothole
synthetic_data/images/pothole_83.png,40.03,-1.84,97.97,25.83,pothole
synthetic_data/images/pothole_84.png,32.25,-2.79,64.14,16.97,pothole
synthetic_data/images/pothole_85.png,36.63,-1.04,88.03,18.39,pothole
synthetic_data/images/pothole_86.png,30.33,-1.49,77.53,20.96,pothole
synthetic_data/images/pothole_87.png,46.44,-1.06,84.73,33.94,pothole
synthetic_data/images/pothole_88.png,25.03,-0.54,54.71,31.25,pothole
synthetic_data/images/pothole_89.png,25.36,-2.16,56.24,25.35,pothole
synthetic_data/images/pothole_90.png,36.86,-1.85,77.94,29.82,pothole
synthetic_data/images/pothole_91.png,34.55,-1.93,56.56,21.95,pothole
synthetic_data/images/pothole_92.png,30.8,-1.22,99.84,28.74,pothole
synthetic_data/images/pothole_93.png,48.56,-2.23,82.09,25.73,pothole
synthetic_data/images/pothole_94.png,41.7,-2.76,87.81,33.91,pothole
synthetic_data/images/pothole_95.png,42.49,-2.42,50.87,26.53,pothole
synthetic_data/images/pothole_96.png,48.2,-0.79,56.02,27.16,pothole
synthetic_data/images/pothole_97.png,47.03,-1.79,51.08,26.3,pothole
synthetic_data/images/pothole_98.png,28.19,-2.11,51.08,21.86,pothole
synthetic_data/images/pothole_99.png,22.27,-1.76,59.87,16.53,pothole
synthetic_data/images/pothole_100.png,44.59,-0.83,65.95,25.04,pothole
synthetic_data/images/sharp_turn_1.png,33.54,-1.64,13.3,31.52,sharp_turn
synthetic_data/images/sharp_turn_2.png,25.39,-1.86,19.61,30.67,sharp_turn
synthetic_data/images/sharp_turn_3.png,39.76,-1.66,18.93,31.17,sharp_turn
synthetic_data/images/sharp_turn_4.png,32.41,-3.0,18.12,30.49,sharp_turn
synthetic_data/images/sharp_turn_5.png,35.59,-3.55,14.39,26.11,sharp_turn
synthetic_data/images/sharp_turn_6.png,31.27,-2.45,10.51,20.88,sharp_turn
synthetic_data/images/sharp_turn_7.png,20.4,-1.18,11.65,23.79,sharp_turn
synthetic_data/images/sharp_turn_8.png,35.97,-1.93,13.55,18.73,sharp_turn
synthetic_data/images/sharp_turn_9.png,31.64,-3.47,10.6,25.39,sharp_turn
synthetic_data/images/sharp_turn_10.png,25.44,-0.15,16.99,24.15,sharp_turn
synthetic_data/images/sharp_turn_11.png,27.47,-1.38,16.05,27.2,sharp_turn
synthetic_data/images/sharp_turn_12.png,21.26,-1.65,16.69,17.87,sharp_turn
synthetic_data/images/sharp_turn_13.png,34.53,-2.37,18.37,28.82,sharp_turn
synthetic_data/images/sharp_turn_14.png,35.14,-2.12,15.04,18.47,sharp_turn
synthetic_data/images/sharp_turn_15.png,35.73,-1.9,19.95,28.51,sharp_turn
synthetic_data/images/sharp_turn_16.png,38.6,-0.45,14.09,28.05,sharp_turn
synthetic_data/images/sharp_turn_17.png,35.55,-1.51,17.28,32.58,sharp_turn
synthetic_data/images/sharp_turn_18.png,33.04,-2.96,18.12,31.84,sharp_turn
synthetic_data/images/sharp_turn_19.png,21.78,-1.47,18.78,30.59,sharp_turn
synthetic_data/images/sharp_turn_20.png,37.4,-1.96,18.39,25.96,sharp_turn
synthetic_data/images/sharp_turn_21.png,36.85,-2.45,13.22,15.4,sharp_turn
synthetic_data/images/sharp_turn_22.png,37.83,-0.03,12.87,15.06,sharp_turn
synthetic_data/images/sharp_turn_23.png,37.95,-1.33,15.48,21.37,sharp_turn
synthetic_data/images/sharp_turn_24.png,37.59,-2.57,19.56,26.53,sharp_turn
synthetic_data/images/sharp_turn_25.png,34.59,-2.2,12.65,27.91,sharp_turn
synthetic_data/images/sharp_turn_26.png,24.74,-1.8,12.3,20.84,sharp_turn
synthetic_data/images/sharp_turn_27.png,23.69,-1.69,18.78,26.08,sharp_turn
synthetic_data/images/sharp_turn_28.png,29.69,-3.11,14.17,16.13,sharp_turn
synthetic_data/images/sharp_turn_29.png,38.78,-1.67,14.3,24.04,sharp_turn
synthetic_data/images/sharp_turn_30.png,32.92,-2.22,19.5,15.35,sharp_turn
synthetic_data/images/sharp_turn_31.png,20.81,-1.17,14.81,25.88,sharp_turn
synthetic_data/images/sharp_turn_32.png,30.52,-2.1,14.76,30.18,sharp_turn
synthetic_data/images/sharp_turn_33.png,32.7,-1.01,12.36,18.5,sharp_turn
synthetic_data/images/sharp_turn_34.png,22.94,-0.83,10.54,26.81,sharp_turn
synthetic_data/images/sharp_turn_35.png,27.24,-1.54,18.32,18.36,sharp_turn
synthetic_data/images/sharp_turn_36.png,23.96,-1.21,16.89,33.93,sharp_turn
synthetic_data/images/sharp_turn_37.png,22.39,-1.21,10.54,34.71,sharp_turn
synthetic_data/images/sharp_turn_38.png,39.53,-1.34,18.67,19.48,sharp_turn
synthetic_data/images/sharp_turn_39.png,35.6,-2.29,13.46,22.34,sharp_turn
synthetic_data/images/sharp_turn_40.png,39.78,-2.42,15.37,28.66,sharp_turn
synthetic_data/images/sharp_turn_41.png,20.43,-1.87,13.13,16.33,sharp_turn
synthetic_data/images/sharp_turn_42.png,29.21,-1.66,11.17,24.32,sharp_turn
synthetic_data/images/sharp_turn_43.png,27.17,0.28,17.97,23.69,sharp_turn
synthetic_data/images/sharp_turn_44.png,29.01,-1.45,15.78,21.92,sharp_turn
synthetic_data/images/sharp_turn_45.png,31.66,-2.72,15.83,16.13,sharp_turn
synthetic_data/images/sharp_turn_46.png,27.11,-1.62,13.57,28.36,sharp_turn
synthetic_data/images/sharp_turn_47.png,37.25,-2.31,19.98,15.82,sharp_turn
synthetic_data/images/sharp_turn_48.png,29.08,-1.07,17.0,25.63,sharp_turn
synthetic_data/images/sharp_turn_49.png,22.76,0.11,11.41,21.29,sharp_turn
synthetic_data/images/sharp_turn_50.png,27.17,-1.91,13.39,18.26,sharp_turn
synthetic_data/images/sharp_turn_51.png,26.83,-1.35,18.27,30.81,sharp_turn
synthetic_data/images/sharp_turn_52.png,38.93,-1.75,13.54,32.54,sharp_turn
synthetic_data/images/sharp_turn_53.png,38.01,-3.47,10.66,28.53,sharp_turn
synthetic_data/images/sharp_turn_54.png,22.71,-0.76,12.08,31.42,sharp_turn
synthetic_data/images/sharp_turn_55.png,20.23,-1.63,10.34,28.31,sharp_turn
synthetic_data/images/sharp_turn_56.png,23.14,-1.68,10.62,22.85,sharp_turn
synthetic_data/images/sharp_turn_57.png,29.66,0.06,14.28,18.37,sharp_turn
synthetic_data/images/sharp_turn_58.png,38.31,-1.59,16.21,23.95,sharp_turn
synthetic_data/images/sharp_turn_59.png,26.05,-2.82,14.77,17.66,sharp_turn
synthetic_data/images/sharp_turn_60.png,34.61,-1.07,15.93,27.81,sharp_turn
synthetic_data/images/sharp_turn_61.png,37.94,-1.18,12.57,15.75,sharp_turn
synthetic_data/images/sharp_turn_62.png,20.08,-1.68,11.33,28.24,sharp_turn
synthetic_data/images/sharp_turn_63.png,37.89,-1.8,15.37,17.16,sharp_turn
synthetic_data/images/sharp_turn_64.png,30.55,-1.65,12.25,20.47,sharp_turn
synthetic_data/images/sharp_turn_65.png,29.16,-2.31,14.2,16.77,sharp_turn
synthetic_data/images/sharp_turn_66.png,38.22,-2.2,16.15,20.34,sharp_turn
synthetic_data/images/sharp_turn_67.png,25.53,-2.92,18.05,21.58,sharp_turn
synthetic_data/images/sharp_turn_68.png,24.81,-2.78,11.22,29.0,sharp_turn
synthetic_data/images/sharp_turn_69.png,34.81,-1.19,13.86,15.35,sharp_turn
synthetic_data/images/sharp_turn_70.png,37.56,-1.74,13.07,19.27,sharp_turn
synthetic_data/images/sharp_turn_71.png,23.66,-1.22,13.84,18.52,sharp_turn
synthetic_data/images/sharp_turn_72.png,22.95,-0.79,18.31,29.66,sharp_turn
synthetic_data/images/sharp_turn_73.png,35.53,-2.49,15.29,24.03,sharp_turn
synthetic_data/images/sharp_turn_74.png,33.95,-1.68,13.8,21.12,sharp_turn
synthetic_data/images/sharp_turn_75.png,29.34,-2.36,10.2,22.32,sharp_turn
synthetic_data/images/sharp_turn_76.png,37.75,-2.16,13.87,25.7,sharp_turn
synthetic_data/images/sharp_turn_77.png,36.77,-2.73,14.63,26.88,sharp_turn
synthetic_data/images/sharp_turn_78.png,39.72,-2.57,19.7,29.1,sharp_turn
synthetic_data/images/sharp_turn_79.png,20.24,-1.69,14.83,20.02,sharp_turn
synthetic_data/images/sharp_turn_80.png,28.94,-1.44,10.04,18.3,sharp_turn
synthetic_data/images/sharp_turn_81.png,24.37,-0.85,14.41,18.53,sharp_turn
synthetic_data/images/sharp_turn_82.png,25.46,-1.6,19.6,33.53,sharp_turn
synthetic_data/images/sharp_turn_83.png,22.4,-2.16,13.41,17.78,sharp_turn
synthetic_data/images/sharp_turn_84.png,29.86,-1.28,14.01,32.82,sharp_turn
synthetic_data/images/sharp_turn_85.png,39.61,-1.27,16.43,15.48,sharp_turn
synthetic_data/images/sharp_turn_86.png,21.82,-0.04,12.07,27.58,sharp_turn
synthetic_data/images/sharp_turn_87.png,36.65,-2.14,19.93,16.07,sharp_turn
synthetic_data/images/sharp_turn_88.png,36.97,-0.34,19.84,26.82,sharp_turn
synthetic_data/images/sharp_turn_89.png,25.52,-0.83,16.93,30.51,sharp_turn
synthetic_data/images/sharp_turn_90.png,26.81,-0.59,13.82,21.26,sharp_turn
synthetic_data/images/sharp_turn_91.png,30.64,-1.57,10.64,23.81,sharp_turn
synthetic_data/images/sharp_turn_92.png,38.73,-2.34,14.59,32.6,sharp_turn
synthetic_data/images/sharp_turn_93.png,20.4,-2.31,18.29,32.86,sharp_turn
synthetic_data/images/sharp_turn_94.png,30.28,-2.23,12.19,25.03,sharp_turn
synthetic_data/images/sharp_turn_95.png,33.79,-1.5,19.38,24.55,sharp_turn
synthetic_data/images/sharp_turn_96.png,30.48,-1.71,15.76,27.7,sharp_turn
synthetic_data/images/sharp_turn_97.png,30.47,-1.24,11.18,22.18,sharp_turn
synthetic_data/images/sharp_turn_98.png,25.36,-1.21,18.66,32.21,sharp_turn
synthetic_data/images/sharp_turn_99.png,30.68,-2.13,12.66,25.48,sharp_turn
synthetic_data/images/sharp_turn_100.png,26.43,0.75,15.26,34.42,sharp_turn
synthetic_data/images/object_on_road_1.png,6.52,-3.05,22.41,21.37,object_on_road
synthetic_data/images/object_on_road_2.png,11.0,-3.84,34.26,26.61,object_on_road
synthetic_data/images/object_on_road_3.png,28.41,-2.38,36.91,18.45,object_on_road
synthetic_data/images/object_on_road_4.png,24.29,-3.43,38.17,30.11,object_on_road
synthetic_data/images/object_on_road_5.png,1.99,-4.84,33.84,29.21,object_on_road
synthetic_data/images/object_on_road_6.png,20.91,-2.42,35.97,21.86,object_on_road
synthetic_data/images/object_on_road_7.png,27.46,-2.93,33.42,16.01,object_on_road
synthetic_data/images/object_on_road_8.png,4.04,-2.48,39.59,31.17,object_on_road
synthetic_data/images/object_on_road_9.png,22.82,-3.32,32.93,27.3,object_on_road
synthetic_data/images/object_on_road_10.png,28.57,-5.99,27.94,15.08,object_on_road
synthetic_data/images/object_on_road_11.png,15.93,-4.97,22.65,30.0,object_on_road
synthetic_data/images/object_on_road_12.png,21.34,-3.94,23.4,33.32,object_on_road
synthetic_data/images/object_on_road_13.png,5.93,-4.13,39.41,23.37,object_on_road
synthetic_data/images/object_on_road_14.png,21.2,-3.05,25.5,26.17,object_on_road
synthetic_data/images/object_on_road_15.png,14.47,-4.8,39.91,27.93,object_on_road
synthetic_data/images/object_on_road_16.png,10.28,-4.9,33.56,25.0,object_on_road
synthetic_data/images/object_on_road_17.png,23.93,-2.18,27.21,32.16,object_on_road
synthetic_data/images/object_on_road_18.png,9.0,-4.9,33.78,18.74,object_on_road
synthetic_data/images/object_on_road_19.png,21.47,-3.14,24.63,26.06,object_on_road
synthetic_data/images/object_on_road_20.png,4.32,-5.92,22.97,16.36,object_on_road
synthetic_data/images/object_on_road_21.png,16.51,-3.72,20.7,17.92,object_on_road
synthetic_data/images/object_on_road_22.png,10.94,-2.41,21.61,19.26,object_on_road
synthetic_data/images/object_on_road_23.png,28.01,-5.7,21.13,20.49,object_on_road
synthetic_data/images/object_on_road_24.png,10.94,-3.33,33.09,17.48,object_on_road
synthetic_data/images/object_on_road_25.png,10.41,-2.94,38.08,24.18,object_on_road
synthetic_data/images/object_on_road_26.png,11.04,-3.94,29.84,34.35,object_on_road
synthetic_data/images/object_on_road_27.png,27.52,-5.49,21.56,28.35,object_on_road
synthetic_data/images/object_on_road_28.png,9.6,-4.28,31.99,24.66,object_on_road
synthetic_data/images/object_on_road_29.png,24.08,-4.01,26.82,22.42,object_on_road
synthetic_data/images/object_on_road_30.png,29.8,-5.87,20.12,20.83,object_on_road
synthetic_data/images/object_on_road_31.png,11.25,-2.61,23.36,29.16,object_on_road
synthetic_data/images/object_on_road_32.png,6.05,-1.5,32.14,25.96,object_on_road
synthetic_data/images/object_on_road_33.png,7.8,-4.57,30.5,18.72,object_on_road
synthetic_data/images/object_on_road_34.png,10.47,-4.65,25.11,28.23,object_on_road
synthetic_data/images/object_on_road_35.png,10.01,-2.03,21.18,30.74,object_on_road
synthetic_data/images/object_on_road_36.png,24.04,-6.36,23.73,31.52,object_on_road
synthetic_data/images/object_on_road_37.png,9.71,-5.26,25.0,33.65,object_on_road
synthetic_data/images/object_on_road_38.png,20.26,-4.42,24.13,16.68,object_on_road
synthetic_data/images/object_on_road_39.png,24.32,-3.31,27.24,27.12,object_on_road
synthetic_data/images/object_on_road_40.png,11.98,-5.85,28.26,21.12,object_on_road
synthetic_data/images/object_on_road_41.png,18.13,-4.83,28.86,17.75,object_on_road
synthetic_data/images/object_on_road_42.png,3.54,-5.17,30.06,34.39,object_on_road
synthetic_data/images/object_on_road_43.png,10.35,-3.44,31.63,32.37,object_on_road
synthetic_data/images/object_on_road_44.png,5.12,-4.29,27.08,21.73,object_on_road
synthetic_data/images/object_on_road_45.png,2.94,-6.19,37.85,26.43,object_on_road
synthetic_data/images/object_on_road_46.png,25.46,-5.5,30.58,19.93,object_on_road
synthetic_data/images/object_on_road_47.png,21.59,-2.64,25.97,27.72,object_on_road
synthetic_data/images/object_on_road_48.png,26.08,-5.17,32.21,19.83,object_on_road
synthetic_data/images/object_on_road_49.png,23.71,-5.95,25.92,17.52,object_on_road
synthetic_data/images/object_on_road_50.png,5.19,-4.68,32.95,18.77,object_on_road
synthetic_data/images/object_on_road_51.png,12.52,-3.25,34.3,20.43,object_on_road
synthetic_data/images/object_on_road_52.png,10.53,-4.31,35.23,27.92,object_on_road
synthetic_data/images/object_on_road_53.png,0.12,-3.71,25.4,17.4,object_on_road
synthetic_data/images/object_on_road_54.png,3.86,-4.11,33.32,33.2,object_on_road
synthetic_data/images/object_on_road_55.png,8.59,-4.1,22.61,16.31,object_on_road
synthetic_data/images/object_on_road_56.png,15.06,-3.26,26.75,17.26,object_on_road
synthetic_data/images/object_on_road_57.png,20.51,-4.64,25.89,31.88,object_on_road
synthetic_data/images/object_on_road_58.png,1.71,-4.73,30.75,23.32,object_on_road
synthetic_data/images/object_on_road_59.png,9.8,-4.59,36.95,27.7,object_on_road
synthetic_data/images/object_on_road_60.png,20.58,-2.97,26.25,29.36,object_on_road
synthetic_data/images/object_on_road_61.png,13.03,-2.45,29.57,16.28,object_on_road
synthetic_data/images/object_on_road_62.png,18.78,-6.63,27.65,25.4,object_on_road
synthetic_data/images/object_on_road_63.png,24.59,-3.22,34.23,18.36,object_on_road
synthetic_data/images/object_on_road_64.png,26.33,-7.69,22.17,20.77,object_on_road
synthetic_data/images/object_on_road_65.png,16.36,-5.58,29.45,20.93,object_on_road
synthetic_data/images/object_on_road_66.png,26.4,-3.46,29.1,34.24,object_on_road
synthetic_data/images/object_on_road_67.png,21.79,0.22,28.19,27.55,object_on_road
synthetic_data/images/object_on_road_68.png,13.17,-3.3,23.17,16.17,object_on_road
synthetic_data/images/object_on_road_69.png,5.54,-4.6,34.17,33.72,object_on_road
synthetic_data/images/object_on_road_70.png,20.51,-5.34,29.91,22.82,object_on_road
synthetic_data/images/object_on_road_71.png,27.88,-4.76,33.34,27.5,object_on_road
synthetic_data/images/object_on_road_72.png,19.18,-4.54,27.14,24.15,object_on_road
synthetic_data/images/object_on_road_73.png,2.79,-2.45,26.88,28.23,object_on_road
synthetic_data/images/object_on_road_74.png,2.93,-6.38,39.21,28.3,object_on_road
synthetic_data/images/object_on_road_75.png,18.74,-4.11,20.35,30.62,object_on_road
synthetic_data/images/object_on_road_76.png,16.18,-1.94,30.46,22.44,object_on_road
synthetic_data/images/object_on_road_77.png,17.38,-5.69,28.22,34.61,object_on_road
synthetic_data/images/object_on_road_78.png,24.64,-3.83,20.82,15.51,object_on_road
synthetic_data/images/object_on_road_79.png,28.72,-3.3,33.26,25.31,object_on_road
synthetic_data/images/object_on_road_80.png,26.6,-5.08,32.31,31.87,object_on_road
synthetic_data/images/object_on_road_81.png,9.9,-5.58,36.49,18.67,object_on_road
synthetic_data/images/object_on_road_82.png,4.11,-2.83,38.09,22.4,object_on_road
synthetic_data/images/object_on_road_83.png,29.4,-3.78,25.38,18.15,object_on_road
synthetic_data/images/object_on_road_84.png,9.07,-0.95,35.11,26.98,object_on_road
synthetic_data/images/object_on_road_85.png,18.66,-4.35,34.81,32.28,object_on_road
synthetic_data/images/object_on_road_86.png,26.27,-5.94,28.65,34.28,object_on_road
synthetic_data/images/object_on_road_87.png,2.83,-4.55,22.53,26.41,object_on_road
synthetic_data/images/object_on_road_88.png,1.6,-2.79,31.64,17.71,object_on_road
synthetic_data/images/object_on_road_89.png,11.01,-4.08,36.93,29.66,object_on_road
synthetic_data/images/object_on_road_90.png,16.65,-3.59,34.73,21.77,object_on_road
synthetic_data/images/object_on_road_91.png,18.38,-5.75,33.2,21.47,object_on_road
synthetic_data/images/object_on_road_92.png,8.77,-4.23,31.36,17.82,object_on_road
synthetic_data/images/object_on_road_93.png,14.1,-5.76,20.52,21.21,object_on_road
synthetic_data/images/object_on_road_94.png,28.86,-2.5,37.15,33.25,object_on_road
synthetic_data/images/object_on_road_95.png,24.36,-3.41,32.81,27.62,object_on_road
synthetic_data/images/object_on_road_96.png,1.75,-4.35,24.52,30.63,object_on_road
synthetic_data/images/object_on_road_97.png,8.77,-5.02,38.3,32.3,object_on_road
synthetic_data/images/object_on_road_98.png,5.7,-4.77,34.45,28.42,object_on_road
synthetic_data/images/object_on_road_99.png,26.03,-3.01,31.49,34.56,object_on_road
synthetic_data/images/object_on_road_100.png,19.98,-3.83,25.9,25.57,object_on_road
synthetic_data/images/slippery_road_1.png,30.99,-0.46,19.48,-0.23,slippery_road
synthetic_data/images/slippery_road_2.png,50.53,-0.85,25.21,6.45,slippery_road
synthetic_data/images/slippery_road_3.png,30.7,1.17,21.81,1.7,slippery_road
synthetic_data/images/slippery_road_4.png,44.38,-3.47,28.85,4.77,slippery_road
synthetic_data/images/slippery_road_5.png,37.32,0.18,29.43,-4.74,slippery_road
synthetic_data/images/slippery_road_6.png,38.88,-3.19,17.63,3.29,slippery_road
synthetic_data/images/slippery_road_7.png,57.41,0.0,24.13,9.67,slippery_road
synthetic_data/images/slippery_road_8.png,40.81,-1.32,17.29,2.27,slippery_road
synthetic_data/images/slippery_road_9.png,44.52,0.4,26.45,3.51,slippery_road
synthetic_data/images/slippery_road_10.png,44.39,-3.79,15.07,-0.08,slippery_road
synthetic_data/images/slippery_road_11.png,35.76,-0.42,26.84,3.0,slippery_road
synthetic_data/images/slippery_road_12.png,55.14,-0.84,29.65,-1.75,slippery_road
synthetic_data/images/slippery_road_13.png,53.74,-5.88,25.46,6.14,slippery_road
synthetic_data/images/slippery_road_14.png,36.9,0.37,19.8,9.62,slippery_road
synthetic_data/images/slippery_road_15.png,43.29,2.63,18.41,0.91,slippery_road
synthetic_data/images/slippery_road_16.png,50.47,1.78,22.43,3.36,slippery_road
synthetic_data/images/slippery_road_17.png,50.4,0.82,21.4,-2.64,slippery_road
synthetic_data/images/slippery_road_18.png,40.05,-0.28,17.89,-1.59,slippery_road
synthetic_data/images/slippery_road_19.png,49.26,0.48,15.87,9.88,slippery_road
synthetic_data/images/slippery_road_20.png,47.03,-0.71,15.74,0.98,slippery_road
synthetic_data/images/slippery_road_21.png,53.11,0.29,18.13,1.31,slippery_road
synthetic_data/images/slippery_road_22.png,55.91,0.88,19.66,1.32,slippery_road
synthetic_data/images/slippery_road_23.png,45.73,-1.39,23.17,4.45,slippery_road
synthetic_data/images/slippery_road_24.png,33.43,-1.77,15.87,-3.88,slippery_road
synthetic_data/images/slippery_road_25.png,38.69,0.66,29.29,-0.86,slippery_road
synthetic_data/images/slippery_road_26.png,34.58,1.91,26.72,-2.91,slippery_road
synthetic_data/images/slippery_road_27.png,54.87,0.89,24.78,7.86,slippery_road
synthetic_data/images/slippery_road_28.png,45.31,1.4,24.35,7.64,slippery_road
synthetic_data/images/slippery_road_29.png,47.76,-0.08,19.41,-3.57,slippery_road
synthetic_data/images/slippery_road_30.png,37.02,2.19,18.92,-4.54,slippery_road
synthetic_data/images/slippery_road_31.png,52.84,-3.49,25.52,-3.86,slippery_road
synthetic_data/images/slippery_road_32.png,43.03,-0.4,23.54,0.21,slippery_road
synthetic_data/images/slippery_road_33.png,39.88,-1.09,29.78,6.75,slippery_road
synthetic_data/images/slippery_road_34.png,53.04,3.75,23.03,3.53,slippery_road
synthetic_data/images/slippery_road_35.png,40.45,2.48,28.49,4.46,slippery_road
synthetic_data/images/slippery_road_36.png,30.78,-2.23,22.3,4.0,slippery_road
synthetic_data/images/slippery_road_37.png,49.51,0.24,19.24,9.27,slippery_road
synthetic_data/images/slippery_road_38.png,58.67,0.4,25.9,5.08,slippery_road
synthetic_data/images/slippery_road_39.png,47.07,-1.15,25.44,1.09,slippery_road
synthetic_data/images/slippery_road_40.png,38.34,-0.16,24.94,2.36,slippery_road
synthetic_data/images/slippery_road_41.png,42.21,0.66,25.84,-2.67,slippery_road
synthetic_data/images/slippery_road_42.png,53.37,-3.13,15.44,2.17,slippery_road
synthetic_data/images/slippery_road_43.png,59.3,-0.88,22.85,-3.03,slippery_road
synthetic_data/images/slippery_road_44.png,44.71,3.53,22.03,9.33,slippery_road
synthetic_data/images/slippery_road_45.png,43.87,3.7,18.3,4.24,slippery_road
synthetic_data/images/slippery_road_46.png,40.3,-0.12,24.72,9.61,slippery_road
synthetic_data/images/slippery_road_47.png,41.55,-0.43,26.98,6.61,slippery_road
synthetic_data/images/slippery_road_48.png,42.72,0.6,17.78,-4.0,slippery_road
synthetic_data/images/slippery_road_49.png,52.43,1.55,24.85,-0.76,slippery_road
synthetic_data/images/slippery_road_50.png,46.39,0.14,15.98,5.23,slippery_road
synthetic_data/images/slippery_road_51.png,53.62,-0.54,21.66,6.32,slippery_road
synthetic_data/images/slippery_road_52.png,34.51,-0.65,19.0,0.44,slippery_road
synthetic_data/images/slippery_road_53.png,33.88,-0.1,16.69,3.07,slippery_road
synthetic_data/images/slippery_road_54.png,57.35,0.18,15.95,1.0,slippery_road
synthetic_data/images/slippery_road_55.png,47.19,3.55,23.44,0.94,slippery_road
synthetic_data/images/slippery_road_56.png,53.1,0.64,29.63,3.66,slippery_road
synthetic_data/images/slippery_road_57.png,38.06,-3.98,19.13,0.77,slippery_road
synthetic_data/images/slippery_road_58.png,46.24,0.57,26.64,4.03,slippery_road
synthetic_data/images/slippery_road_59.png,55.94,4.58,27.46,5.82,slippery_road
synthetic_data/images/slippery_road_60.png,58.61,-1.46,25.68,-4.38,slippery_road
synthetic_data/images/slippery_road_61.png,44.78,-0.69,17.84,8.66,slippery_road
synthetic_data/images/slippery_road_62.png,55.21,1.14,29.8,2.64,slippery_road
synthetic_data/images/slippery_road_63.png,51.48,1.48,17.66,8.41,slippery_road
synthetic_data/images/slippery_road_64.png,35.64,1.35,25.84,7.87,slippery_road
synthetic_data/images/slippery_road_65.png,48.35,0.0,27.24,2.87,slippery_road
synthetic_data/images/slippery_road_66.png,31.27,-1.4,19.29,1.08,slippery_road
synthetic_data/images/slippery_road_67.png,52.42,2.09,15.8,7.31,slippery_road
synthetic_data/images/slippery_road_68.png,30.11,-2.36,19.98,5.62,slippery_road
synthetic_data/images/slippery_road_69.png,46.45,1.92,29.7,5.32,slippery_road
synthetic_data/images/slippery_road_70.png,48.37,-0.5,25.88,5.75,slippery_road
synthetic_data/images/slippery_road_71.png,54.79,1.17,16.01,-4.32,slippery_road
synthetic_data/images/slippery_road_72.png,45.22,-5.59,26.54,-2.07,slippery_road
synthetic_data/images/slippery_road_73.png,39.28,0.9,15.8,-3.38,slippery_road
synthetic_data/images/slippery_road_74.png,35.76,-1.54,17.83,7.06,slippery_road
synthetic_data/images/slippery_road_75.png,39.87,-0.19,23.69,5.93,slippery_road
synthetic_data/images/slippery_road_76.png,39.78,0.79,15.73,1.29,slippery_road
synthetic_data/images/slippery_road_77.png,44.85,0.5,27.18,10.0,slippery_road
synthetic_data/images/slippery_road_78.png,35.04,-3.73,27.82,4.66,slippery_road
synthetic_data/images/slippery_road_79.png,55.69,1.3,28.3,-1.32,slippery_road
synthetic_data/images/slippery_road_80.png,53.64,0.94,16.56,7.73,slippery_road
synthetic_data/images/slippery_road_81.png,44.99,2.95,16.0,-3.62,slippery_road
synthetic_data/images/slippery_road_82.png,53.22,3.46,20.69,1.61,slippery_road
synthetic_data/images/slippery_road_83.png,30.28,1.21,17.99,-3.04,slippery_road
synthetic_data/images/slippery_road_84.png,31.39,-0.99,24.06,1.88,slippery_road
synthetic_data/images/slippery_road_85.png,49.37,0.87,17.85,-0.73,slippery_road
synthetic_data/images/slippery_road_86.png,58.2,-3.08,22.24,6.91,slippery_road
synthetic_data/images/slippery_road_87.png,30.11,0.07,27.31,-1.54,slippery_road
synthetic_data/images/slippery_road_88.png,54.55,-2.39,18.04,3.57,slippery_road
synthetic_data/images/slippery_road_89.png,55.28,1.35,28.23,3.28,slippery_road
synthetic_data/images/slippery_road_90.png,57.2,0.87,25.49,7.42,slippery_road
synthetic_data/images/slippery_road_91.png,34.59,0.51,18.96,8.82,slippery_road
synthetic_data/images/slippery_road_92.png,46.07,4.72,17.98,7.08,slippery_road
synthetic_data/images/slippery_road_93.png,54.41,-2.35,26.3,-2.22,slippery_road
synthetic_data/images/slippery_road_94.png,47.32,-0.41,19.44,-1.28,slippery_road
synthetic_data/images/slippery_road_95.png,55.06,-1.99,27.76,9.82,slippery_road
synthetic_data/images/slippery_road_96.png,37.29,0.42,16.95,5.57,slippery_road
synthetic_data/images/slippery_road_97.png,47.48,-1.53,29.33,0.99,slippery_road
synthetic_data/images/slippery_road_98.png,54.09,-0.92,28.22,-0.41,slippery_road
synthetic_data/images/slippery_road_99.png,58.79,-0.01,18.77,9.63,slippery_road
synthetic_data/images/slippery_road_100.png,33.55,-1.83,21.51,8.04,slippery_road
synthetic_data/images/landslide_1.png,7.75,-4.24,44.26,14.32,landslide
synthetic_data/images/landslide_2.png,0.84,-4.99,59.79,18.47,landslide
synthetic_data/images/landslide_3.png,4.29,-5.62,63.59,20.36,landslide
synthetic_data/images/landslide_4.png,0.85,-3.33,67.16,13.56,landslide
synthetic_data/images/landslide_5.png,8.59,-6.83,56.32,15.54,landslide
synthetic_data/images/landslide_6.png,12.58,-5.9,54.53,21.98,landslide
synthetic_data/images/landslide_7.png,8.34,-5.58,54.99,23.73,landslide
synthetic_data/images/landslide_8.png,18.58,-4.56,68.37,10.07,landslide
synthetic_data/images/landslide_9.png,4.55,-3.63,49.03,17.33,landslide
synthetic_data/images/landslide_10.png,9.39,-4.14,62.35,23.02,landslide
synthetic_data/images/landslide_11.png,0.43,-6.04,60.84,23.59,landslide
synthetic_data/images/landslide_12.png,17.2,-5.28,51.91,17.95,landslide
synthetic_data/images/landslide_13.png,8.65,-4.75,60.74,16.44,landslide
synthetic_data/images/landslide_14.png,6.8,-5.31,40.15,14.19,landslide
synthetic_data/images/landslide_15.png,5.92,-5.13,41.68,19.8,landslide
synthetic_data/images/landslide_16.png,14.88,-3.06,50.12,11.99,landslide
synthetic_data/images/landslide_17.png,13.04,-6.85,49.38,23.35,landslide
synthetic_data/images/landslide_18.png,2.45,-5.39,65.8,14.91,landslide
synthetic_data/images/landslide_19.png,15.44,-4.76,52.51,19.66,landslide
synthetic_data/images/landslide_20.png,12.13,-4.28,72.93,20.85,landslide
synthetic_data/images/landslide_21.png,0.14,-4.34,44.06,11.64,landslide
synthetic_data/images/landslide_22.png,18.52,-6.22,59.34,19.11,landslide
synthetic_data/images/landslide_23.png,7.07,-4.65,73.99,11.22,landslide
synthetic_data/images/landslide_24.png,3.62,-5.54,50.9,15.33,landslide
synthetic_data/images/landslide_25.png,17.33,-6.27,57.99,13.58,landslide
synthetic_data/images/landslide_26.png,11.2,-4.66,74.02,19.18,landslide
synthetic_data/images/landslide_27.png,1.57,-5.4,73.33,13.16,landslide
synthetic_data/images/landslide_28.png,6.15,-3.14,44.28,16.79,landslide
synthetic_data/images/landslide_29.png,13.63,-5.21,58.55,11.06,landslide
synthetic_data/images/landslide_30.png,4.85,-3.52,51.13,10.42,landslide
synthetic_data/images/landslide_31.png,14.37,-5.41,79.43,17.16,landslide
synthetic_data/images/landslide_32.png,6.63,-2.09,56.36,20.83,landslide
synthetic_data/images/landslide_33.png,0.11,-5.53,59.63,10.97,landslide
synthetic_data/images/landslide_34.png,1.16,-3.97,71.36,15.13,landslide
synthetic_data/images/landslide_35.png,8.54,-5.06,74.82,20.39,landslide
synthetic_data/images/landslide_36.png,0.91,-5.35,59.16,18.54,landslide
synthetic_data/images/landslide_37.png,7.64,-5.18,49.3,17.86,landslide
synthetic_data/images/landslide_38.png,2.54,-5.27,40.6,22.04,landslide
synthetic_data/images/landslide_39.png,4.31,-2.72,44.23,11.86,landslide
synthetic_data/images/landslide_40.png,10.97,-5.26,63.78,16.28,landslide
synthetic_data/images/landslide_41.png,17.8,-5.08,61.52,24.44,landslide
synthetic_data/images/landslide_42.png,5.16,-4.08,41.31,18.99,landslide
synthetic_data/images/landslide_43.png,9.5,-5.89,73.06,18.91,landslide
synthetic_data/images/landslide_44.png,6.79,-3.51,67.85,23.38,landslide
synthetic_data/images/landslide_45.png,7.85,-6.12,45.1,10.79,landslide
synthetic_data/images/landslide_46.png,10.13,-2.55,46.32,23.63,landslide
synthetic_data/images/landslide_47.png,1.74,-5.12,72.64,14.89,landslide
synthetic_data/images/landslide_48.png,4.64,-4.26,76.55,22.32,landslide
synthetic_data/images/landslide_49.png,12.12,-4.93,77.8,21.17,landslide
synthetic_data/images/landslide_50.png,5.92,-5.97,49.82,18.48,landslide
synthetic_data/images/landslide_51.png,16.45,-6.52,60.18,21.86,landslide
synthetic_data/images/landslide_52.png,12.83,-5.22,58.72,13.68,landslide
synthetic_data/images/landslide_53.png,11.82,-4.12,57.75,22.04,landslide
synthetic_data/images/landslide_54.png,5.19,-6.33,76.53,14.84,landslide
synthetic_data/images/landslide_55.png,8.51,-5.0,62.37,20.28,landslide
synthetic_data/images/landslide_56.png,3.67,-5.88,55.95,17.88,landslide
synthetic_data/images/landslide_57.png,5.5,-4.72,64.66,17.61,landslide
synthetic_data/images/landslide_58.png,12.26,-5.58,77.28,20.3,landslide
synthetic_data/images/landslide_59.png,15.42,-3.74,66.94,24.46,landslide
synthetic_data/images/landslide_60.png,3.96,-5.86,61.83,11.23,landslide
synthetic_data/images/landslide_61.png,19.15,-3.55,71.73,10.98,landslide
synthetic_data/images/landslide_62.png,19.72,-3.82,55.27,13.91,landslide
synthetic_data/images/landslide_63.png,18.48,-5.42,40.33,22.02,landslide
synthetic_data/images/landslide_64.png,18.27,-5.17,42.23,19.46,landslide
synthetic_data/images/landslide_65.png,17.2,-4.18,63.71,13.98,landslide
synthetic_data/images/landslide_66.png,14.03,-5.52,57.31,16.36,landslide
synthetic_data/images/landslide_67.png,4.27,-4.99,75.88,12.16,landslide
synthetic_data/images/landslide_68.png,18.22,-6.1,43.33,17.69,landslide
synthetic_data/images/landslide_69.png,6.38,-6.94,77.94,21.3,landslide
synthetic_data/images/landslide_70.png,12.31,-3.2,43.09,23.59,landslide
synthetic_data/images/landslide_71.png,6.63,-4.9,78.73,21.0,landslide
synthetic_data/images/landslide_72.png,15.39,-5.48,62.86,21.2,landslide
synthetic_data/images/landslide_73.png,8.6,-5.18,40.5,17.45,landslide
synthetic_data/images/landslide_74.png,16.84,-5.13,73.36,11.96,landslide
synthetic_data/images/landslide_75.png,12.09,-6.44,69.89,22.01,landslide
synthetic_data/images/landslide_76.png,4.87,-4.54,71.67,23.93,landslide
synthetic_data/images/landslide_77.png,5.96,-4.71,62.27,21.38,landslide
synthetic_data/images/landslide_78.png,9.62,-4.84,67.97,22.04,landslide
synthetic_data/images/landslide_79.png,17.18,-5.5,57.77,15.78,landslide
synthetic_data/images/landslide_80.png,11.81,-3.56,57.98,18.71,landslide
synthetic_data/images/landslide_81.png,2.72,-4.81,79.52,23.79,landslide
synthetic_data/images/landslide_82.png,14.7,-3.76,79.93,12.42,landslide
synthetic_data/images/landslide_83.png,11.46,-5.07,72.8,24.77,landslide
synthetic_data/images/landslide_84.png,5.73,-6.62,56.42,19.56,landslide
synthetic_data/images/landslide_85.png,4.46,-2.99,62.64,19.27,landslide
synthetic_data/images/landslide_86.png,13.34,-6.8,43.29,21.54,landslide
synthetic_data/images/landslide_87.png,19.94,-4.85,41.08,12.39,landslide
synthetic_data/images/landslide_88.png,0.45,-5.49,75.92,23.0,landslide
synthetic_data/images/landslide_89.png,10.1,-6.13,71.8,24.01,landslide
synthetic_data/images/landslide_90.png,7.21,-5.8,41.7,19.78,landslide
synthetic_data/images/landslide_91.png,4.86,-5.05,46.75,10.68,landslide
synthetic_data/images/landslide_92.png,17.92,-5.93,75.55,12.09,landslide
synthetic_data/images/landslide_93.png,5.49,-5.9,68.61,10.8,landslide
synthetic_data/images/landslide_94.png,16.51,-6.41,40.91,13.86,landslide
synthetic_data/images/landslide_95.png,8.83,-4.82,55.96,19.56,landslide
synthetic_data/images/landslide_96.png,12.92,-3.95,43.61,23.91,landslide
synthetic_data/images/landslide_97.png,10.75,-5.72,70.33,14.21,landslide
synthetic_data/images/landslide_98.png,18.66,-4.84,55.06,18.04,landslide
synthetic_data/images/landslide_99.png,6.77,-2.08,60.09,16.58,landslide
synthetic_data/images/landslide_100.png,18.5,-6.63,77.66,19.27,landslide
synthetic_data/images/animal_crossing_1.png,24.12,-2.97,24.47,32.77,animal_crossing
synthetic_data/images/animal_crossing_2.png,15.56,-0.96,18.77,28.8,animal_crossing
synthetic_data/images/animal_crossing_3.png,34.91,-3.84,11.61,19.74,animal_crossing
synthetic_data/images/animal_crossing_4.png,39.98,-1.65,23.99,31.05,animal_crossing
synthetic_data/images/animal_crossing_5.png,32.1,-1.3,19.47,30.58,animal_crossing
synthetic_data/images/animal_crossing_6.png,34.89,-2.24,23.76,16.79,animal_crossing
synthetic_data/images/animal_crossing_7.png,20.97,-5.79,19.98,22.85,animal_crossing
synthetic_data/images/animal_crossing_8.png,11.13,-2.71,15.62,31.51,animal_crossing
synthetic_data/images/animal_crossing_9.png,36.35,-1.44,23.98,28.22,animal_crossing
synthetic_data/images/animal_crossing_10.png,24.84,-1.46,22.83,20.23,animal_crossing
synthetic_data/images/animal_crossing_11.png,19.92,-2.27,22.5,23.93,animal_crossing
synthetic_data/images/animal_crossing_12.png,16.58,-3.73,22.41,19.72,animal_crossing
synthetic_data/images/animal_crossing_13.png,37.43,-1.32,16.23,34.57,animal_crossing
synthetic_data/images/animal_crossing_14.png,28.69,-3.61,19.15,15.98,animal_crossing
synthetic_data/images/animal_crossing_15.png,11.0,-1.66,23.46,27.91,animal_crossing
synthetic_data/images/animal_crossing_16.png,13.04,-5.55,11.01,34.69,animal_crossing
synthetic_data/images/animal_crossing_17.png,28.15,-4.6,18.95,27.86,animal_crossing
synthetic_data/images/animal_crossing_18.png,14.62,-3.13,17.3,19.51,animal_crossing
synthetic_data/images/animal_crossing_19.png,35.99,-3.12,11.09,22.39,animal_crossing
synthetic_data/images/animal_crossing_20.png,14.2,-2.33,11.55,20.6,animal_crossing
synthetic_data/images/animal_crossing_21.png,16.53,-2.99,24.05,17.74,animal_crossing
synthetic_data/images/animal_crossing_22.png,20.18,-2.16,15.3,25.05,animal_crossing
synthetic_data/images/animal_crossing_23.png,15.31,-4.92,16.4,20.77,animal_crossing
synthetic_data/images/animal_crossing_24.png,35.33,-5.85,14.16,26.23,animal_crossing
synthetic_data/images/animal_crossing_25.png,22.89,-1.77,23.33,15.53,animal_crossing
synthetic_data/images/animal_crossing_26.png,17.26,-2.32,15.03,24.7,animal_crossing
synthetic_data/images/animal_crossing_27.png,28.89,-2.39,19.87,23.65,animal_crossing
synthetic_data/images/animal_crossing_28.png,36.33,-3.2,23.39,15.49,animal_crossing
synthetic_data/images/animal_crossing_29.png,38.81,-2.3,20.58,23.78,animal_crossing
synthetic_data/images/animal_crossing_30.png,25.98,-4.33,19.0,21.65,animal_crossing
synthetic_data/images/animal_crossing_31.png,12.48,-2.61,12.15,25.21,animal_crossing
synthetic_data/images/animal_crossing_32.png,19.72,-2.17,14.48,26.04,animal_crossing
synthetic_data/images/animal_crossing_33.png,23.04,-5.23,13.37,17.61,animal_crossing
synthetic_data/images/animal_crossing_34.png,14.31,-3.43,19.34,34.9,animal_crossing
synthetic_data/images/animal_crossing_35.png,32.87,-0.97,22.37,19.83,animal_crossing
synthetic_data/images/animal_crossing_36.png,11.34,-3.05,11.63,25.56,animal_crossing
synthetic_data/images/animal_crossing_37.png,11.75,-3.61,17.57,27.37,animal_crossing
synthetic_data/images/animal_crossing_38.png,12.3,-2.67,17.04,33.88,animal_crossing
synthetic_data/images/animal_crossing_39.png,13.19,-3.59,17.27,32.72,animal_crossing
synthetic_data/images/animal_crossing_40.png,18.18,-0.64,17.65,21.42,animal_crossing
synthetic_data/images/animal_crossing_41.png,15.77,-2.12,20.12,26.13,animal_crossing
synthetic_data/images/animal_crossing_42.png,39.06,-2.69,13.66,19.97,animal_crossing
synthetic_data/images/animal_crossing_43.png,18.36,-0.86,17.48,27.48,animal_crossing
synthetic_data/images/animal_crossing_44.png,15.51,-3.11,20.59,16.03,animal_crossing
synthetic_data/images/animal_crossing_45.png,17.31,-1.7,16.61,31.62,animal_crossing
synthetic_data/images/animal_crossing_46.png,34.88,-4.62,11.5,30.06,animal_crossing
synthetic_data/images/animal_crossing_47.png,19.29,-4.17,24.54,20.12,animal_crossing
synthetic_data/images/animal_crossing_48.png,33.58,-3.22,16.02,15.71,animal_crossing
synthetic_data/images/animal_crossing_49.png,18.82,-3.66,15.06,26.23,animal_crossing
synthetic_data/images/animal_crossing_50.png,26.83,-3.54,17.63,15.06,animal_crossing
synthetic_data/images/animal_crossing_51.png,14.24,-2.6,15.09,29.1,animal_crossing
synthetic_data/images/animal_crossing_52.png,28.25,-5.19,11.82,23.3,animal_crossing
synthetic_data/images/animal_crossing_53.png,29.95,-2.4,12.65,21.4,animal_crossing
synthetic_data/images/animal_crossing_54.png,12.39,-3.69,19.72,29.39,animal_crossing
synthetic_data/images/animal_crossing_55.png,39.14,-6.05,20.28,24.93,animal_crossing
synthetic_data/images/animal_crossing_56.png,29.11,-3.88,16.27,15.18,animal_crossing
synthetic_data/images/animal_crossing_57.png,20.83,-1.26,14.06,32.51,animal_crossing
synthetic_data/images/animal_crossing_58.png,21.09,-1.94,14.02,27.52,animal_crossing
synthetic_data/images/animal_crossing_59.png,38.24,-2.01,20.63,24.43,animal_crossing
synthetic_data/images/animal_crossing_60.png,38.01,-1.68,19.35,29.45,animal_crossing
synthetic_data/images/animal_crossing_61.png,37.37,-3.65,19.57,29.66,animal_crossing
synthetic_data/images/animal_crossing_62.png,22.26,-4.37,15.74,20.96,animal_crossing
synthetic_data/images/animal_crossing_63.png,15.77,-4.46,24.54,24.3,animal_crossing
synthetic_data/images/animal_crossing_64.png,33.23,-1.64,21.87,16.07,animal_crossing
synthetic_data/images/animal_crossing_65.png,12.5,-3.73,12.11,20.72,animal_crossing
synthetic_data/images/animal_crossing_66.png,16.25,-3.83,23.63,20.95,animal_crossing
synthetic_data/images/animal_crossing_67.png,30.19,-3.68,16.98,24.65,animal_crossing
synthetic_data/images/animal_crossing_68.png,39.23,-1.83,14.65,23.09,animal_crossing
synthetic_data/images/animal_crossing_69.png,32.35,-3.01,12.88,24.16,animal_crossing
synthetic_data/images/animal_crossing_70.png,14.14,-1.48,13.93,33.38,animal_crossing
synthetic_data/images/animal_crossing_71.png,14.83,-4.32,14.36,18.33,animal_crossing
synthetic_data/images/animal_crossing_72.png,11.25,-4.19,23.94,16.2,animal_crossing
synthetic_data/images/animal_crossing_73.png,27.8,-3.87,16.31,21.59,animal_crossing
synthetic_data/images/animal_crossing_74.png,33.77,-1.13,11.99,33.19,animal_crossing
synthetic_data/images/animal_crossing_75.png,17.62,-4.47,17.06,27.18,animal_crossing
synthetic_data/images/animal_crossing_76.png,21.73,-3.18,11.39,19.34,animal_crossing
synthetic_data/images/animal_crossing_77.png,33.27,-3.18,19.76,29.47,animal_crossing
synthetic_data/images/animal_crossing_78.png,31.87,-4.87,12.47,34.66,animal_crossing
synthetic_data/images/animal_crossing_79.png,38.23,-1.7,21.88,24.95,animal_crossing
synthetic_data/images/animal_crossing_80.png,20.85,-4.9,18.2,18.21,animal_crossing
synthetic_data/images/animal_crossing_81.png,11.45,-0.11,18.15,21.04,animal_crossing
synthetic_data/images/animal_crossing_82.png,25.64,-3.19,10.95,18.18,animal_crossing
synthetic_data/images/animal_crossing_83.png,22.48,-0.91,21.71,20.51,animal_crossing
synthetic_data/images/animal_crossing_84.png,19.97,-3.6,20.16,20.21,animal_crossing
synthetic_data/images/animal_crossing_85.png,30.68,-2.75,10.46,22.19,animal_crossing
synthetic_data/images/animal_crossing_86.png,15.47,-1.8,13.63,15.84,animal_crossing
synthetic_data/images/animal_crossing_87.png,22.54,-3.44,23.59,28.07,animal_crossing
synthetic_data/images/animal_crossing_88.png,33.49,-2.91,23.49,21.73,animal_crossing
synthetic_data/images/animal_crossing_89.png,10.18,-4.3,20.71,23.61,animal_crossing
synthetic_data/images/animal_crossing_90.png,23.5,-3.17,12.02,17.78,animal_crossing
synthetic_data/images/animal_crossing_91.png,12.23,-1.46,17.63,20.08,animal_crossing
synthetic_data/images/animal_crossing_92.png,21.34,-3.74,21.78,16.63,animal_crossing
synthetic_data/images/animal_crossing_93.png,25.01,-3.17,15.38,22.6,animal_crossing
synthetic_data/images/animal_crossing_94.png,38.7,-4.18,12.11,21.36,animal_crossing
synthetic_data/images/animal_crossing_95.png,38.38,-2.41,21.42,26.26,animal_crossing
synthetic_data/images/animal_crossing_96.png,14.12,-2.0,20.74,33.12,animal_crossing
synthetic_data/images/animal_crossing_97.png,12.68,-3.74,16.46,19.0,animal_crossing
synthetic_data/images/animal_crossing_98.png,30.56,-3.87,16.37,32.04,animal_crossing
synthetic_data/images/animal_crossing_99.png,31.36,-2.77,24.29,33.86,animal_crossing
synthetic_data/images/animal_crossing_100.png,25.45,-2.02,23.37,16.47,animal_crossing
